{"version":"0.4","title":"FAQ Page","type":"page","content":[{"id":"3d3c","settings":{"stretch_section":"section-stretched","layout":"full_width","background_background":"classic","background_image":{"url":"http:\/\/localhost\/garoEstate\/wp-content\/uploads\/2018\/12\/property4-1.jpg","id":57},"background_position":"center center","background_size":"cover","background_overlay_background":"classic","background_overlay_color":"#6d6d6d","padding":{"unit":"px","top":"50","right":"0","bottom":"50","left":"0","isLinked":false}},"elements":[{"id":"632f","settings":{"_column_size":100},"elements":[{"id":"6d0e","settings":[],"elements":[{"id":"709","settings":{"_column_size":100,"_inline_size":null},"elements":[{"id":"3010","settings":{"title":"FAQ PAGE","title_color":"#ffffff","typography_typography":"custom","typography_font_size":{"unit":"px","size":30},"typography_font_weight":"500"},"elements":[],"isInner":false,"widgetType":"heading","elType":"widget"}],"isInner":true,"elType":"column"}],"isInner":true,"elType":"section"}],"isInner":false,"elType":"column"}],"isInner":false,"elType":"section"},{"id":"77d4","settings":{"stretch_section":"section-stretched","layout":"full_width","background_background":"classic","background_color":"#fcfcfc","padding":{"unit":"px","top":"60","right":"0","bottom":"060","left":"0","isLinked":false}},"elements":[{"id":"927","settings":{"_column_size":100},"elements":[{"id":"ac5","settings":{"title":"OUR TERMS","align":"center","title_color":"#777777","typography_typography":"custom","typography_font_size":{"unit":"px","size":30},"typography_font_weight":"300","typography_text_transform":"uppercase","typography_letter_spacing":{"unit":"px","size":4}},"elements":[],"isInner":false,"widgetType":"heading","elType":"widget"},{"id":"fe6","settings":{"structure":"20"},"elements":[{"id":"34b","settings":{"_column_size":50,"_inline_size":null},"elements":[{"id":"4c1a","settings":{"tabs":[{"tab_title":"Nostrud exercitation ullamco laboris 1 1","tab_content":"Click edit button to change this text. Lorem ipsum dolor sit amet, consectetur adipiscing elit. Ut elit tellus, luctus nec ullamcorper mattis, pulvinar dapibus leo.","_id":"078e76b"},{"tab_title":"Nostrud exercitation ullamco laboris 1 1","tab_content":"Click edit button to change this text. Lorem ipsum dolor sit amet, consectetur adipiscing elit. Ut elit tellus, luctus nec ullamcorper mattis, pulvinar dapibus leo.","_id":"99cf0ec"},{"tab_title":"Nostrud exercitation ullamco laboris 1 1","tab_content":"Click edit button to change this text. Lorem ipsum dolor sit amet, consectetur adipiscing elit. Ut elit tellus, luctus nec ullamcorper mattis, pulvinar dapibus leo.","_id":"2ed080d"},{"tab_title":"Nostrud exercitation ullamco laboris 1 1","tab_content":"Click edit button to change this text. Lorem ipsum dolor sit amet, consectetur adipiscing elit. Ut elit tellus, luctus nec ullamcorper mattis, pulvinar dapibus leo.","_id":"fd70b90"},{"tab_title":"Nostrud exercitation ullamco laboris 1 1","tab_content":"Click edit button to change this text. Lorem ipsum dolor sit amet, consectetur adipiscing elit. Ut elit tellus, luctus nec ullamcorper mattis, pulvinar dapibus leo.","_id":"867d346"},{"tab_title":"Nostrud exercitation ullamco laboris 1 1","tab_content":"Click edit button to change this text. Lorem ipsum dolor sit amet, consectetur adipiscing elit. Ut elit tellus, luctus nec ullamcorper mattis, pulvinar dapibus leo.","_id":"d679fe3"},{"tab_title":"Nostrud exercitation ullamco laboris 1 1","tab_content":"Click edit button to change this text. Lorem ipsum dolor sit amet, consectetur adipiscing elit. Ut elit tellus, luctus nec ullamcorper mattis, pulvinar dapibus leo.","_id":"8f906dc"}],"icon":"fa fa-plus","icon_active":"fa fa-minus","border_width":{"unit":"px","size":0},"border_color":"#d8d8d8","space_between":{"unit":"px","size":25},"title_background":"#f5f5f5","title_color":"#333333","title_typography_typography":"custom","title_typography_font_size":{"unit":"px","size":16},"title_typography_font_weight":"300","title_padding":{"unit":"px","top":"10","right":"10","bottom":"10","left":"10","isLinked":true},"icon_space":{"unit":"px","size":8},"content_background_color":"#ffffff","_background_color":"#ffffff"},"elements":[],"isInner":false,"widgetType":"toggle","elType":"widget"}],"isInner":true,"elType":"column"},{"id":"e41","settings":{"_column_size":50,"_inline_size":null},"elements":[{"id":"7128","settings":{"tabs":[{"tab_title":"Nostrud exercitation ullamco laboris 1 1","tab_content":"Click edit button to change this text. Lorem ipsum dolor sit amet, consectetur adipiscing elit. Ut elit tellus, luctus nec ullamcorper mattis, pulvinar dapibus leo.","_id":"078e76b"},{"tab_title":"Nostrud exercitation ullamco laboris 1 1","tab_content":"Click edit button to change this text. Lorem ipsum dolor sit amet, consectetur adipiscing elit. Ut elit tellus, luctus nec ullamcorper mattis, pulvinar dapibus leo.","_id":"99cf0ec"},{"tab_title":"Nostrud exercitation ullamco laboris 1 1","tab_content":"Click edit button to change this text. Lorem ipsum dolor sit amet, consectetur adipiscing elit. Ut elit tellus, luctus nec ullamcorper mattis, pulvinar dapibus leo.","_id":"2ed080d"},{"tab_title":"Nostrud exercitation ullamco laboris 1 1","tab_content":"Click edit button to change this text. Lorem ipsum dolor sit amet, consectetur adipiscing elit. Ut elit tellus, luctus nec ullamcorper mattis, pulvinar dapibus leo.","_id":"fd70b90"},{"tab_title":"Nostrud exercitation ullamco laboris 1 1","tab_content":"Click edit button to change this text. Lorem ipsum dolor sit amet, consectetur adipiscing elit. Ut elit tellus, luctus nec ullamcorper mattis, pulvinar dapibus leo.","_id":"867d346"},{"tab_title":"Nostrud exercitation ullamco laboris 1 1","tab_content":"Click edit button to change this text. Lorem ipsum dolor sit amet, consectetur adipiscing elit. Ut elit tellus, luctus nec ullamcorper mattis, pulvinar dapibus leo.","_id":"d679fe3"},{"tab_title":"Nostrud exercitation ullamco laboris 1 1","tab_content":"Click edit button to change this text. Lorem ipsum dolor sit amet, consectetur adipiscing elit. Ut elit tellus, luctus nec ullamcorper mattis, pulvinar dapibus leo.","_id":"8f906dc"}],"icon":"fa fa-plus","icon_active":"fa fa-minus","border_width":{"unit":"px","size":0},"border_color":"#d8d8d8","space_between":{"unit":"px","size":25},"title_background":"#f5f5f5","title_color":"#333333","title_typography_typography":"custom","title_typography_font_size":{"unit":"px","size":16},"title_typography_font_weight":"300","title_padding":{"unit":"px","top":"10","right":"10","bottom":"10","left":"10","isLinked":true},"icon_space":{"unit":"px","size":8},"content_background_color":"#ffffff","_background_color":"#ffffff"},"elements":[],"isInner":false,"widgetType":"toggle","elType":"widget"}],"isInner":true,"elType":"column"}],"isInner":true,"elType":"section"}],"isInner":false,"elType":"column"}],"isInner":false,"elType":"section"}]}