{"version":"0.4","title":"Contact Page","type":"page","content":[{"id":"5686","settings":{"stretch_section":"section-stretched","layout":"full_width","gap":"no","background_background":"classic","background_image":{"url":"http:\/\/localhost\/garoEstate\/wp-content\/uploads\/2018\/12\/property4.jpg","id":45},"background_position":"center center","background_size":"cover","background_overlay_background":"classic","background_overlay_color":"#000000","background_overlay_opacity":{"unit":"px","size":0.68},"padding":{"unit":"px","top":"60","right":"0","bottom":"60","left":"0","isLinked":false},"padding_mobile":{"unit":"px","top":"30","right":"0","bottom":"30","left":"0","isLinked":false}},"elements":[{"id":"4b61","settings":{"_column_size":100},"elements":[{"id":"6ec8","settings":[],"elements":[{"id":"736b","settings":{"_column_size":100,"_inline_size":null},"elements":[{"id":"68ba","settings":{"title":"Contact","align":"center","typography_typography":"custom","typography_font_size":{"unit":"px","size":33},"typography_font_weight":"600","typography_text_transform":"uppercase"},"elements":[],"isInner":false,"widgetType":"heading","elType":"widget"}],"isInner":true,"elType":"column"}],"isInner":true,"elType":"section"}],"isInner":false,"elType":"column"}],"isInner":false,"elType":"section"},{"id":"746a","settings":{"stretch_section":"section-stretched","layout":"full_width","padding":{"unit":"px","top":"40","right":"0","bottom":"40","left":"0","isLinked":false}},"elements":[{"id":"6255","settings":{"_column_size":100},"elements":[{"id":"790c","settings":{"structure":"30"},"elements":[{"id":"3c9d","settings":{"_column_size":33,"_inline_size":null},"elements":[{"id":"5b47","settings":{"icon_list":[{"text":"Address\u200b","icon":"fa fa-map-marker","_id":"9b30cbe","link":{"url":"","is_external":"","nofollow":""}}],"icon_align":"left","icon_color":"#545454","icon_size":{"unit":"px","size":30},"text_color":"#4c4c4c","icon_typography_typography":"custom","icon_typography_font_size":{"unit":"px","size":30},"icon_typography_font_weight":"500"},"elements":[],"isInner":false,"widgetType":"icon-list","elType":"widget"},{"id":"2f74","settings":{"editor":"<p>Mr. Akash Mia<br \/>c\/o Jillur Rahaman<br \/>50 Okland #250<br \/>A City Florida, 26654<br \/>United States of America<\/p>","align":"left","typography_typography":"custom","typography_font_size":{"unit":"px","size":24},"_margin":{"unit":"px","top":"0","right":"0","bottom":"0","left":"0","isLinked":false}},"elements":[],"isInner":false,"widgetType":"text-editor","elType":"widget"}],"isInner":true,"elType":"column"},{"id":"4ee0","settings":{"_column_size":33,"_inline_size":null},"elements":[{"id":"5512","settings":{"icon_list":[{"text":"Call Center","icon":"fa fa-phone-square","_id":"9b30cbe","link":{"url":"","is_external":"","nofollow":""}}],"icon_align":"left","icon_color":"#545454","icon_size":{"unit":"px","size":30},"text_color":"#4c4c4c","icon_typography_typography":"custom","icon_typography_font_size":{"unit":"px","size":30},"icon_typography_font_weight":"500"},"elements":[],"isInner":false,"widgetType":"icon-list","elType":"widget"},{"id":"64e3","settings":{"editor":"<p>+88 01776 171 415<br \/>+88 01768 687 196<\/p><p>Click edit button to change this text. Lorem ipsum dolor sit amet, consectetur adipiscing elit.\u00a0<\/p>"},"elements":[],"isInner":false,"widgetType":"text-editor","elType":"widget"}],"isInner":true,"elType":"column"},{"id":"6c3f","settings":{"_column_size":33,"_inline_size":null},"elements":[{"id":"599","settings":{"icon_list":[{"text":"Email","icon":"fa fa-envelope-square","_id":"9b30cbe","link":{"url":"","is_external":"","nofollow":""}}],"icon_align":"left","icon_color":"#545454","icon_size":{"unit":"px","size":30},"text_color":"#4c4c4c","icon_typography_typography":"custom","icon_typography_font_size":{"unit":"px","size":30},"icon_typography_font_weight":"500"},"elements":[],"isInner":false,"widgetType":"icon-list","elType":"widget"},{"id":"305e","settings":{"editor":"<ul><li><strong>seakashdiu@gmail.com<\/strong><\/li><li><strong>mdakashshowaib083@gmail.com<\/strong><\/li><\/ul><p>Click edit button to change this text. Lorem ipsum dolor sit amet, consectetur adipiscing elit.\u00a0<\/p>"},"elements":[],"isInner":false,"widgetType":"text-editor","elType":"widget"}],"isInner":true,"elType":"column"}],"isInner":true,"elType":"section"}],"isInner":false,"elType":"column"}],"isInner":false,"elType":"section"},{"id":"4ed1","settings":{"stretch_section":"section-stretched","layout":"full_width","gap":"no"},"elements":[{"id":"19f8","settings":{"_column_size":100},"elements":[{"id":"d5b","settings":{"address":"London Eye, London, United Kingdom","zoom":{"unit":"px","size":8},"height":{"unit":"px","size":350},"css_filters_css_filter":"custom","hover_transition":{"unit":"px","size":0}},"elements":[],"isInner":false,"widgetType":"google_maps","elType":"widget"}],"isInner":false,"elType":"column"}],"isInner":false,"elType":"section"},{"id":"4cd3","settings":{"stretch_section":"section-stretched","layout":"full_width","background_background":"classic","background_color":"#f7f7f7","padding":{"unit":"px","top":"50","right":"0","bottom":"50","left":"0","isLinked":false},"padding_mobile":{"unit":"px","top":"20","right":"0","bottom":"20","left":"0","isLinked":false}},"elements":[{"id":"26c2","settings":{"_column_size":100},"elements":[{"id":"70d","settings":{"gap":"no"},"elements":[{"id":"5da4","settings":{"_column_size":100,"_inline_size":null,"background_background":"classic","background_color":"#ffffff","padding":{"unit":"px","top":"40","right":"40","bottom":"40","left":"40","isLinked":true},"padding_mobile":{"unit":"px","top":"0","right":"0","bottom":"0","left":"0","isLinked":true}},"elements":[{"id":"6d36","settings":{"title":"Contact Form","title_color":"#3f3f3f","typography_typography":"custom","typography_font_size":{"unit":"px","size":35},"align_mobile":"center","typography_font_size_mobile":{"unit":"px","size":25},"typography_line_height_mobile":{"unit":"px","size":""},"_padding_mobile":{"unit":"px","top":"20","right":"0","bottom":"0","left":"0","isLinked":false}},"elements":[],"isInner":false,"widgetType":"heading","elType":"widget"},{"id":"2437","settings":{"editor":"<p>[contact-form-7 id=\"128\" title=\"Contact Form\"]<\/p>"},"elements":[],"isInner":false,"widgetType":"text-editor","elType":"widget"}],"isInner":true,"elType":"column"}],"isInner":true,"elType":"section"}],"isInner":false,"elType":"column"}],"isInner":false,"elType":"section"}]}